0	https://www.instagram.com/etude_il/reel/DcrK0lYTnZx/	https://scontent.cdninstagram.com/v/t51.71878-15/789264207_1585679926270982_7630439679305755867_n.jpg?stp=dst-jpg_e35_s640x640_tt6&_nc_cat=106&ccb=7-5&_nc_sid=18de74&efg=eyJlZmdfdGFnIjoiQ0xJUFMuYmVzdF9pbWFnZV91cmxnZW4uQzMifQ%3D%3D&_nc_ohc=l1Cr-ve3Rv0Q7kNvwElyMLq&_nc_oc=AdqUx7PLkY4bfGlGkz2YSLo1Cj3wzlh1h9nPg1XthyhhzP-O2mLZLyAmEewnQt6tRRYTO5vK2kCHG33LqlVTsivb&_nc_zt=23&_nc_ht=scontent.cdninstagram.com&_nc_gid=lmkWYqvQ-6jVQLaz7SJdoQ&_nc_ss=79689&oh=00_AQNtnvaKiG_yNjrqhomEWJP0EIB28pKHqbQrRMimMxRdEA&oe=6ACAC711
1	https://www.instagram.com/sofia_.kempf/reel/DcBqivPMrgS/	https://scontent.cdninstagram.com/v/t51.82787-15/774666087_18104080916127408_5625468900123907065_n.jpg?stp=dst-jpg_e35_s640x640_tt6&_nc_cat=104&ccb=7-5&_nc_sid=18de74&efg=eyJlZmdfdGFnIjoiQ0xJUFMuYmVzdF9pbWFnZV91cmxnZW4uQzMifQ%3D%3D&_nc_ohc=hHC4FAq02vIQ7kNvwHGb2D7&_nc_oc=AdrW3spGDvv0Y1lSBt6Q7e_Qz3djhKg4u40xmYAxLXIfNpdjU5sXGIeXVhuQG-7DvZanhnsXz2QXgUIr52-BymK8&_nc_zt=23&_nc_ht=scontent.cdninstagram.com&_nc_gid=lmkWYqvQ-6jVQLaz7SJdoQ&_nc_ss=79689&oh=00_AQOMxwx9Z-Fdx6uhPGLBDTex2mUMV8kvU-AAOjgB7gVEQg&oe=6ACAC755
2	https://www.instagram.com/etude_il/p/DcZYj8Vlx2O/	https://scontent.cdninstagram.com/v/t51.82787-15/784197379_18018735425873137_1518924922613925320_n.jpg?stp=dst-jpg_e35_s640x640_tt6&_nc_cat=109&ccb=7-5&_nc_sid=18de74&efg=eyJlZmdfdGFnIjoiQ0FST1VTRUxfSVRFTS5iZXN0X2ltYWdlX3VybGdlbi5DMyJ9&_nc_ohc=dtkz7FcViHwQ7kNvwHf3DoB&_nc_oc=AdpPvvGb_mNxnLGXRHIc1nzTsfm_yT4ZaWtF8C7U_gM70f1oqm9CMb8CGVx3dD9xc38bSsLqvKTPvbRC-zmZv42v&_nc_zt=23&_nc_ht=scontent.cdninstagram.com&_nc_gid=lmkWYqvQ-6jVQLaz7SJdoQ&_nc_ss=79689&oh=00_AQNI05JtHEyhlHB42zryuoKh1o2X_k4JwkTCOldJ0AuUwQ&oe=6ACAEAC0
3	https://www.instagram.com/etude_il/reel/DdHsA4tzAmr/	https://scontent.cdninstagram.com/v/t51.82787-15/802596415_18021003698873137_4742961844581613155_n.jpg?stp=dst-jpg_e35_s640x640_tt6&_nc_cat=104&ccb=7-5&_nc_sid=18de74&efg=eyJlZmdfdGFnIjoiQ0xJUFMuYmVzdF9pbWFnZV91cmxnZW4uQzMifQ%3D%3D&_nc_ohc=4DxbJwYF528Q7kNvwGEgxpR&_nc_oc=Ado4S2m70sZAYPasPXBvt-3OVaHjByRleYh5BQgiIL7fVa5Yb5qriPi1JEqho3TXtxe_W5xI23hChJHLDOIz1p_7&_nc_zt=23&_nc_ht=scontent.cdninstagram.com&_nc_gid=lmkWYqvQ-6jVQLaz7SJdoQ&_nc_ss=79689&oh=00_AQNhuqENHZPSrVZxZycwU-0JWP5s_tTLMLnZ9-RbFs1UuQ&oe=6ACAD0C7
4	https://www.instagram.com/etude_il/reel/Dc79qk2TKl0/	https://scontent.cdninstagram.com/v/t51.82787-15/798315813_18020440616873137_6686430214809842939_n.jpg?stp=dst-jpg_e35_s640x640_tt6&_nc_cat=108&ccb=7-5&_nc_sid=18de74&efg=eyJlZmdfdGFnIjoiQ0xJUFMuYmVzdF9pbWFnZV91cmxnZW4uQzMifQ%3D%3D&_nc_ohc=6tnklmKZcSwQ7kNvwHhnT4n&_nc_oc=AdpmgPu6d_2QwrLV09WiXDFKaux9xsktWCKb04oPDcD_r0J9vezOJSNXaKMbVa6AxP0f-rvqq_KppzbwJb8GyL-U&_nc_zt=23&_nc_ht=scontent.cdninstagram.com&_nc_gid=lmkWYqvQ-6jVQLaz7SJdoQ&_nc_ss=79689&oh=00_AQOvUjV43QnmsqKNzqRyA_kiFybbXF197cEw-foxEcEeRw&oe=6ACAE17C
5	https://www.instagram.com/etude_il/reel/DcyzddSTw2b/	https://scontent.cdninstagram.com/v/t51.82787-15/792235775_18019978808873137_239937865537479826_n.jpg?stp=dst-jpg_e35_s640x640_tt6&_nc_cat=111&ccb=7-5&_nc_sid=18de74&efg=eyJlZmdfdGFnIjoiQ0xJUFMuYmVzdF9pbWFnZV91cmxnZW4uQzMifQ%3D%3D&_nc_ohc=Ob3oAzN05eAQ7kNvwHOmSbI&_nc_oc=AdqsaMX6aVDw2aSZt8lN7_sYpHtU88H7OCIlrvCy8mJ2YayEegoFW7Wm6c_r_fM2qYmyZII70ZehgQeA8koZ4Tp3&_nc_zt=23&_nc_ht=scontent.cdninstagram.com&_nc_gid=lmkWYqvQ-6jVQLaz7SJdoQ&_nc_ss=79689&oh=00_AQNWQmqj-h56XuCs9Hj8V3-uq-FihlcaBxA4FOTy9aYwYA&oe=6ACAD9E9
6	https://www.instagram.com/sofia_.kempf/p/DcDnISgDFKd/	https://scontent.cdninstagram.com/v/t51.82787-15/776061571_18104174792127408_3639919620086985303_n.jpg?stp=dst-jpg_e35_s640x640_tt6&_nc_cat=103&ccb=7-5&_nc_sid=18de74&efg=eyJlZmdfdGFnIjoiQ0FST1VTRUxfSVRFTS5iZXN0X2ltYWdlX3VybGdlbi5DMyJ9&_nc_ohc=pKnCa5-EssUQ7kNvwGwvGe2&_nc_oc=AdqOTy_Fh1tli9shu_3Z7Oqd4FbJp4baRB5brv6W671An4xSmA287REf86udmF028A0hqBhEyMAE47lCE0UYhRtG&_nc_zt=23&_nc_ht=scontent.cdninstagram.com&_nc_gid=lmkWYqvQ-6jVQLaz7SJdoQ&_nc_ss=79689&oh=00_AQMXqo66rsPTL56uNBJYy0hs0OdKt7Zk5kM4-4UWYMe3pw&oe=6ACAE3C2
7	https://www.instagram.com/etude_il/reel/DbTOKCxT_Ny/	https://scontent.cdninstagram.com/v/t51.82787-15/757754246_18015096311873137_8119830694323950731_n.jpg?stp=dst-jpg_e35_s640x640_tt6&_nc_cat=103&ccb=7-5&_nc_sid=18de74&efg=eyJlZmdfdGFnIjoiQ0xJUFMuYmVzdF9pbWFnZV91cmxnZW4uQzMifQ%3D%3D&_nc_ohc=0nt1vwPebFMQ7kNvwHDis_p&_nc_oc=AdqL4I5y8bUQIfeCNi-1V29M2Szk5JQNJEi0qWXcxgS7TuLRpUnAgEN2uJ1uXag-KNB96qBQvf2-ByXLkhgZGveP&_nc_zt=23&_nc_ht=scontent.cdninstagram.com&_nc_gid=lmkWYqvQ-6jVQLaz7SJdoQ&_nc_ss=79689&oh=00_AQM9zEg5-PFR-qULutDbt7Mhw5gQNTKtygmSyz13t-inLA&oe=6ACAE05C
8	https://www.instagram.com/etude_il/reel/DbQNhtMz3Fx/	https://scontent.cdninstagram.com/v/t51.82787-15/757880803_18014939228873137_2933464048636744143_n.jpg?stp=dst-jpg_e35_s640x640_tt6&_nc_cat=106&ccb=7-5&_nc_sid=18de74&efg=eyJlZmdfdGFnIjoiQ0xJUFMuYmVzdF9pbWFnZV91cmxnZW4uQzMifQ%3D%3D&_nc_ohc=L_6d68xwwZoQ7kNvwHzm4DJ&_nc_oc=Adpe-DeB2YTg1EG4xd1H6gRtojEjA0iU4DZ6KCaVM2Rv3pD7N9uH-_zW0SPyHxf3So_tiBCC8qoNKG7zhbaHoDoz&_nc_zt=23&_nc_ht=scontent.cdninstagram.com&_nc_gid=lmkWYqvQ-6jVQLaz7SJdoQ&_nc_ss=79689&oh=00_AQNM4bFyvHlt9ilROT8zTMph-Pc4VAD0yisMLDaZ8duv6A&oe=6ACABEE2
9	https://www.instagram.com/grisha_mokrushovv/p/Da5WpnnjFUx/	https://scontent.cdninstagram.com/v/t51.82787-15/749846210_17891168238592600_1168806092599026391_n.jpg?stp=dst-jpg_e35_s640x640_tt6&_nc_cat=101&ccb=7-5&_nc_sid=18de74&efg=eyJlZmdfdGFnIjoiQ0FST1VTRUxfSVRFTS5iZXN0X2ltYWdlX3VybGdlbi5DMyJ9&_nc_ohc=cckdnqfiUaYQ7kNvwFDx04r&_nc_oc=AdreSxTUp6yX0UFjJw7kRPOF6tMlGu3LoruwSQvkFEh1DXQ5I1ZgYjcyK9rI2EOR0k16SB39KBh8rn1qOjoPhEKu&_nc_zt=23&_nc_ht=scontent.cdninstagram.com&_nc_gid=lmkWYqvQ-6jVQLaz7SJdoQ&_nc_ss=79689&oh=00_AQOAYDR41L3c-QTHVIYvb8Zn5yM4Cmu_lrb0QeTlova28w&oe=6ACABFBA
10	https://www.instagram.com/etude_il/reel/DauM4n4sby5/	https://scontent.cdninstagram.com/v/t51.82787-15/746073591_18013147565873137_5495562406231690885_n.jpg?stp=dst-jpg_e35_s640x640_tt6&_nc_cat=107&ccb=7-5&_nc_sid=18de74&efg=eyJlZmdfdGFnIjoiQ0xJUFMuYmVzdF9pbWFnZV91cmxnZW4uQzMifQ%3D%3D&_nc_ohc=79z483JiG80Q7kNvwGQyejp&_nc_oc=AdrJRbaJDTD-sqdZjnSomCCgBU9_1KeqakXKNolZOyMPTOjbDm2xig7P1iGJZ_pbaM5u57WlW-Fa4NVFF0nAFZ7p&_nc_zt=23&_nc_ht=scontent.cdninstagram.com&_nc_gid=lmkWYqvQ-6jVQLaz7SJdoQ&_nc_ss=79689&oh=00_AQN_bTbtr1OJ1opXBa9HPgC19FpkHPYlnpttFQcxhcCojQ&oe=6ACAE174
11	https://www.instagram.com/yonatan.emanuel.ds/reel/DZ8Bi3HMtuq/	https://scontent.cdninstagram.com/v/t51.82787-15/730808979_18139779574486159_3556383229374395992_n.jpg?stp=dst-jpg_e35_s640x640_tt6&_nc_cat=111&ccb=7-5&_nc_sid=18de74&efg=eyJlZmdfdGFnIjoiQ0xJUFMuYmVzdF9pbWFnZV91cmxnZW4uQzMifQ%3D%3D&_nc_ohc=ihAtEOyGADMQ7kNvwHoSoQ8&_nc_oc=AdoV_BXz_fJOvaaOBHC9HYpA4JGbklewUfT14Tuff4DrVvejAz03cN67HrtxddzWklxq0OVctmRUrEHlhg81C_7y&_nc_zt=23&_nc_ht=scontent.cdninstagram.com&_nc_gid=lmkWYqvQ-6jVQLaz7SJdoQ&_nc_ss=79689&oh=00_AQN66fRn88mHQMnIOIZa93JmDRaUUEcR1fe8sYJxGndJTA&oe=6ACAF258
